Segment,Value,Customers,Missing_Contract,Missing_Rate
Overall,All,72274,21572,0.2984752469767828
churn,0,32224,1853,0.05750372393247269
churn,1,40050,19719,0.49235955056179775
is_tv_subscriber,0,13352,7962,0.5963151587777112
is_tv_subscriber,1,58922,13610,0.23098333389905298
is_movie_package_subscriber,0,48089,17609,0.3661752167855435
is_movie_package_subscriber,1,24185,3963,0.16386189787058095
download_over_limit,0,68373,18909,0.2765565354745294
download_over_limit,1,766,387,0.5052219321148825
download_over_limit,2,560,321,0.5732142857142857
download_over_limit,3,498,339,0.6807228915662651
download_over_limit,4,456,317,0.6951754385964912
download_over_limit,5,429,313,0.7296037296037297
download_over_limit,6,688,561,0.815406976744186
download_over_limit,7,504,425,0.8432539682539683
